row_id,birds
7019_COR_5,nocall
7019_COR_10,nocall
7019_COR_15,nocall
7019_COR_20,nocall
7019_COR_25,nocall
7019_COR_30,nocall
7019_COR_35,nocall
7019_COR_40,nocall
7019_COR_45,nocall
7019_COR_50,nocall
7019_COR_55,nocall
7019_COR_60,nocall
7019_COR_65,nocall
7019_COR_70,nocall
7019_COR_75,nocall
7019_COR_80,nocall
7019_COR_85,nocall
7019_COR_90,nocall
7019_COR_95,nocall
7019_COR_100,nocall
7019_COR_105,nocall
7019_COR_110,nocall
7019_COR_115,nocall
7019_COR_120,nocall
7019_COR_125,nocall
7019_COR_130,nocall
7019_COR_135,nocall
7019_COR_140,nocall
7019_COR_145,nocall
7019_COR_150,nocall
7019_COR_155,nocall
7019_COR_160,nocall
7019_COR_165,nocall
7019_COR_170,nocall
7019_COR_175,nocall
7019_COR_180,nocall
7019_COR_185,nocall
7019_COR_190,nocall
7019_COR_195,nocall
7019_COR_200,nocall
7019_COR_205,nocall
7019_COR_210,nocall
7019_COR_215,nocall
7019_COR_220,nocall
7019_COR_225,nocall
7019_COR_230,nocall
7019_COR_235,nocall
7019_COR_240,nocall
7019_COR_245,nocall
7019_COR_250,nocall
7019_COR_255,nocall
7019_COR_260,nocall
7019_COR_265,nocall
7019_COR_270,nocall
7019_COR_275,nocall
7019_COR_280,nocall
7019_COR_285,nocall
7019_COR_290,nocall
7019_COR_295,nocall
7019_COR_300,nocall
7019_COR_305,nocall
7019_COR_310,nocall
7019_COR_315,nocall
7019_COR_320,nocall
7019_COR_325,nocall
7019_COR_330,nocall
7019_COR_335,nocall
7019_COR_340,nocall
7019_COR_345,nocall
7019_COR_350,nocall
7019_COR_355,nocall
7019_COR_360,nocall
7019_COR_365,nocall
7019_COR_370,nocall
7019_COR_375,nocall
7019_COR_380,nocall
7019_COR_385,nocall
7019_COR_390,nocall
7019_COR_395,nocall
7019_COR_400,nocall
7019_COR_405,nocall
7019_COR_410,nocall
7019_COR_415,nocall
7019_COR_420,nocall
7019_COR_425,nocall
7019_COR_430,nocall
7019_COR_435,nocall
7019_COR_440,nocall
7019_COR_445,nocall
7019_COR_450,nocall
7019_COR_455,nocall
7019_COR_460,nocall
7019_COR_465,nocall
7019_COR_470,nocall
7019_COR_475,nocall
7019_COR_480,nocall
7019_COR_485,nocall
7019_COR_490,nocall
7019_COR_495,nocall
7019_COR_500,nocall
7019_COR_505,nocall
7019_COR_510,nocall
7019_COR_515,nocall
7019_COR_520,nocall
7019_COR_525,nocall
7019_COR_530,nocall
7019_COR_535,nocall
7019_COR_540,nocall
7019_COR_545,nocall
7019_COR_550,nocall
7019_COR_555,nocall
7019_COR_560,nocall
7019_COR_565,nocall
7019_COR_570,nocall
7019_COR_575,nocall
7019_COR_580,nocall
7019_COR_585,nocall
7019_COR_590,nocall
7019_COR_595,nocall
7019_COR_600,nocall
7954_COR_5,nocall
7954_COR_10,nocall
7954_COR_15,nocall
7954_COR_20,nocall
7954_COR_25,nocall
7954_COR_30,nocall
7954_COR_35,nocall
7954_COR_40,nocall
7954_COR_45,nocall
7954_COR_50,nocall
7954_COR_55,nocall
7954_COR_60,nocall
7954_COR_65,nocall
7954_COR_70,nocall
7954_COR_75,nocall
7954_COR_80,nocall
7954_COR_85,nocall
7954_COR_90,nocall
7954_COR_95,nocall
7954_COR_100,nocall
7954_COR_105,nocall
7954_COR_110,nocall
7954_COR_115,nocall
7954_COR_120,nocall
7954_COR_125,nocall
7954_COR_130,nocall
7954_COR_135,nocall
7954_COR_140,nocall
7954_COR_145,nocall
7954_COR_150,nocall
7954_COR_155,nocall
7954_COR_160,nocall
7954_COR_165,nocall
7954_COR_170,nocall
7954_COR_175,nocall
7954_COR_180,nocall
7954_COR_185,nocall
7954_COR_190,nocall
7954_COR_195,nocall
7954_COR_200,nocall
7954_COR_205,nocall
7954_COR_210,nocall
7954_COR_215,nocall
7954_COR_220,nocall
7954_COR_225,nocall
7954_COR_230,nocall
7954_COR_235,nocall
7954_COR_240,nocall
7954_COR_245,nocall
7954_COR_250,nocall
7954_COR_255,nocall
7954_COR_260,nocall
7954_COR_265,nocall
7954_COR_270,nocall
7954_COR_275,nocall
7954_COR_280,nocall
7954_COR_285,nocall
7954_COR_290,nocall
7954_COR_295,nocall
7954_COR_300,nocall
7954_COR_305,nocall
7954_COR_310,nocall
7954_COR_315,nocall
7954_COR_320,nocall
7954_COR_325,nocall
7954_COR_330,nocall
7954_COR_335,nocall
7954_COR_340,nocall
7954_COR_345,nocall
7954_COR_350,nocall
7954_COR_355,nocall
7954_COR_360,nocall
7954_COR_365,nocall
7954_COR_370,nocall
7954_COR_375,nocall
7954_COR_380,nocall
7954_COR_385,nocall
7954_COR_390,nocall
7954_COR_395,nocall
7954_COR_400,nocall
7954_COR_405,nocall
7954_COR_410,nocall
7954_COR_415,nocall
7954_COR_420,nocall
7954_COR_425,nocall
7954_COR_430,nocall
7954_COR_435,nocall
7954_COR_440,nocall
7954_COR_445,nocall
7954_COR_450,nocall
7954_COR_455,nocall
7954_COR_460,nocall
7954_COR_465,nocall
7954_COR_470,nocall
7954_COR_475,nocall
7954_COR_480,nocall
7954_COR_485,nocall
7954_COR_490,nocall
7954_COR_495,nocall
7954_COR_500,nocall
7954_COR_505,nocall
7954_COR_510,nocall
7954_COR_515,nocall
7954_COR_520,nocall
7954_COR_525,nocall
7954_COR_530,nocall
7954_COR_535,nocall
7954_COR_540,nocall
7954_COR_545,nocall
7954_COR_550,nocall
7954_COR_555,nocall
7954_COR_560,nocall
7954_COR_565,nocall
7954_COR_570,nocall
7954_COR_575,nocall
7954_COR_580,nocall
7954_COR_585,nocall
7954_COR_590,nocall
7954_COR_595,nocall
7954_COR_600,nocall
11254_COR_5,rubwre1
11254_COR_10,nocall
11254_COR_15,rubwre1
11254_COR_20,nocall
11254_COR_25,rubwre1
11254_COR_30,nocall
11254_COR_35,nocall
11254_COR_40,nocall
11254_COR_45,nocall
11254_COR_50,nocall
11254_COR_55,nocall
11254_COR_60,nocall
11254_COR_65,nocall
11254_COR_70,nocall
11254_COR_75,nocall
11254_COR_80,nocall
11254_COR_85,nocall
11254_COR_90,nocall
11254_COR_95,nocall
11254_COR_100,nocall
11254_COR_105,nocall
11254_COR_110,nocall
11254_COR_115,nocall
11254_COR_120,nocall
11254_COR_125,nocall
11254_COR_130,nocall
11254_COR_135,nocall
11254_COR_140,obnthr1
11254_COR_145,obnthr1
11254_COR_150,obnthr1
11254_COR_155,obnthr1
11254_COR_160,obnthr1
11254_COR_165,obnthr1
11254_COR_170,nocall
11254_COR_175,nocall
11254_COR_180,nocall
11254_COR_185,nocall
11254_COR_190,nocall
11254_COR_195,nocall
11254_COR_200,nocall
11254_COR_205,nocall
11254_COR_210,nocall
11254_COR_215,brnjay
11254_COR_220,nocall
11254_COR_225,nocall
11254_COR_230,nocall
11254_COR_235,nocall
11254_COR_240,nocall
11254_COR_245,nocall
11254_COR_250,nocall
11254_COR_255,nocall
11254_COR_260,nocall
11254_COR_265,nocall
11254_COR_270,brnjay
11254_COR_275,brnjay sthwoo1
11254_COR_280,brnjay
11254_COR_285,nocall
11254_COR_290,nocall
11254_COR_295,nocall
11254_COR_300,nocall
11254_COR_305,nocall
11254_COR_310,nocall
11254_COR_315,nocall
11254_COR_320,nocall
11254_COR_325,nocall
11254_COR_330,nocall
11254_COR_335,nocall
11254_COR_340,nocall
11254_COR_345,nocall
11254_COR_350,nocall
11254_COR_355,nocall
11254_COR_360,nocall
11254_COR_365,nocall
11254_COR_370,nocall
11254_COR_375,nocall
11254_COR_380,nocall
11254_COR_385,nocall
11254_COR_390,nocall
11254_COR_395,nocall
11254_COR_400,nocall
11254_COR_405,nocall
11254_COR_410,nocall
11254_COR_415,nocall
11254_COR_420,nocall
11254_COR_425,nocall
11254_COR_430,nocall
11254_COR_435,nocall
11254_COR_440,nocall
11254_COR_445,nocall
11254_COR_450,nocall
11254_COR_455,nocall
11254_COR_460,nocall
11254_COR_465,nocall
11254_COR_470,nocall
11254_COR_475,nocall
11254_COR_480,nocall
11254_COR_485,nocall
11254_COR_490,nocall
11254_COR_495,nocall
11254_COR_500,nocall
11254_COR_505,nocall
11254_COR_510,nocall
11254_COR_515,rubwre1
11254_COR_520,rubwre1
11254_COR_525,nocall
11254_COR_530,nocall
11254_COR_535,nocall
11254_COR_540,nocall
11254_COR_545,nocall
11254_COR_550,nocall
11254_COR_555,nocall
11254_COR_560,nocall
11254_COR_565,nocall
11254_COR_570,nocall
11254_COR_575,nocall
11254_COR_580,nocall
11254_COR_585,nocall
11254_COR_590,nocall
11254_COR_595,nocall
11254_COR_600,nocall
18003_COR_5,rucwar
18003_COR_10,nocall
18003_COR_15,nocall
18003_COR_20,rucwar
18003_COR_25,rucwar
18003_COR_30,rucwar
18003_COR_35,rucwar
18003_COR_40,rucwar
18003_COR_45,rucwar
18003_COR_50,rucwar
18003_COR_55,nocall
18003_COR_60,nocall
18003_COR_65,rucwar
18003_COR_70,nocall
18003_COR_75,nocall
18003_COR_80,rucwar
18003_COR_85,rucwar
18003_COR_90,nocall
18003_COR_95,nocall
18003_COR_100,nocall
18003_COR_105,nocall
18003_COR_110,nocall
18003_COR_115,nocall
18003_COR_120,nocall
18003_COR_125,nocall
18003_COR_130,nocall
18003_COR_135,nocall
18003_COR_140,rucwar
18003_COR_145,rucwar
18003_COR_150,rucwar
18003_COR_155,rucwar
18003_COR_160,rucwar
18003_COR_165,rucwar
18003_COR_170,rucwar
18003_COR_175,rucwar
18003_COR_180,rucwar
18003_COR_185,rucwar
18003_COR_190,rucwar
18003_COR_195,rucwar
18003_COR_200,grekis rucwar
18003_COR_205,rucwar
18003_COR_210,nocall
18003_COR_215,rucwar
18003_COR_220,rucwar
18003_COR_225,rucwar
18003_COR_230,rucwar
18003_COR_235,rucwar runwre1
18003_COR_240,rucwar
18003_COR_245,rucwar
18003_COR_250,rucwar
18003_COR_255,rucwar
18003_COR_260,rucwar
18003_COR_265,rucwar
18003_COR_270,rucwar
18003_COR_275,rucwar
18003_COR_280,nocall
18003_COR_285,rucwar
18003_COR_290,rtlhum rucwar
18003_COR_295,rucwar
18003_COR_300,rucwar
18003_COR_305,rucwar
18003_COR_310,rucwar
18003_COR_315,rucwar
18003_COR_320,hofwoo1
18003_COR_325,hofwoo1 rucwar
18003_COR_330,rucwar
18003_COR_335,hofwoo1 rucwar
18003_COR_340,rucwar
18003_COR_345,rucwar
18003_COR_350,rucwar
18003_COR_355,rucwar
18003_COR_360,rucwar
18003_COR_365,rucwar
18003_COR_370,rucwar
18003_COR_375,rucwar
18003_COR_380,rucwar
18003_COR_385,rucwar
18003_COR_390,rucwar
18003_COR_395,rucwar
18003_COR_400,rucwar
18003_COR_405,rucwar
18003_COR_410,rucwar
18003_COR_415,rucwar
18003_COR_420,rucwar
18003_COR_425,rucwar
18003_COR_430,rucwar
18003_COR_435,rucwar
18003_COR_440,rucwar
18003_COR_445,nocall
18003_COR_450,rucwar
18003_COR_455,rucwar
18003_COR_460,rucwar
18003_COR_465,rucwar
18003_COR_470,rucwar
18003_COR_475,nocall
18003_COR_480,nocall
18003_COR_485,hofwoo1
18003_COR_490,hofwoo1
18003_COR_495,hofwoo1 rucwar runwre1
18003_COR_500,rucwar runwre1
18003_COR_505,rucwar
18003_COR_510,rucwar
18003_COR_515,rucwar
18003_COR_520,rucwar
18003_COR_525,rucwar
18003_COR_530,rucwar
18003_COR_535,rucwar
18003_COR_540,nocall
18003_COR_545,rucwar
18003_COR_550,rucwar
18003_COR_555,nocall
18003_COR_560,rucwar
18003_COR_565,nocall
18003_COR_570,rucwar
18003_COR_575,rucwar
18003_COR_580,rucwar
18003_COR_585,rucwar
18003_COR_590,runwre1
18003_COR_595,rucwar runwre1
18003_COR_600,rucwar
21767_COR_5,grekis rucwar
21767_COR_10,grekis rucwar
21767_COR_15,rucwar
21767_COR_20,rucwar
21767_COR_25,rucwar
21767_COR_30,grekis rucwar
21767_COR_35,rucwar
21767_COR_40,grekis rucwar
21767_COR_45,rucwar
21767_COR_50,nocall
21767_COR_55,grekis
21767_COR_60,grekis rucwar
21767_COR_65,grekis rucwar
21767_COR_70,rucwar
21767_COR_75,grekis
21767_COR_80,rucwar
21767_COR_85,rucwar
21767_COR_90,grekis runwre1
21767_COR_95,rucwar
21767_COR_100,clcrob rucwar
21767_COR_105,clcrob rucwar
21767_COR_110,rucwar
21767_COR_115,rucwar
21767_COR_120,clcrob
21767_COR_125,clcrob
21767_COR_130,rucwar
21767_COR_135,runwre1
21767_COR_140,runwre1 yehcar1
21767_COR_145,rucwar runwre1 yehcar1
21767_COR_150,rucwar
21767_COR_155,rucwar
21767_COR_160,rucwar
21767_COR_165,rucwar
21767_COR_170,rucwar
21767_COR_175,rucwar
21767_COR_180,rucwar
21767_COR_185,rucwar
21767_COR_190,rucwar
21767_COR_195,rucwar
21767_COR_200,rucwar
21767_COR_205,rucwar
21767_COR_210,nocall
21767_COR_215,rucwar
21767_COR_220,rucwar
21767_COR_225,rucwar
21767_COR_230,rucwar
21767_COR_235,rucwar
21767_COR_240,rucwar
21767_COR_245,melbla1
21767_COR_250,melbla1
21767_COR_255,nocall
21767_COR_260,nocall
21767_COR_265,nocall
21767_COR_270,crfpar
21767_COR_275,crfpar
21767_COR_280,crfpar rucwar
21767_COR_285,crfpar
21767_COR_290,crfpar
21767_COR_295,nocall
21767_COR_300,crfpar
21767_COR_305,crfpar
21767_COR_310,crfpar
21767_COR_315,nocall
21767_COR_320,nocall
21767_COR_325,nocall
21767_COR_330,nocall
21767_COR_335,nocall
21767_COR_340,nocall
21767_COR_345,runwre1
21767_COR_350,runwre1
21767_COR_355,runwre1
21767_COR_360,crfpar
21767_COR_365,crfpar
21767_COR_370,crfpar
21767_COR_375,crfpar
21767_COR_380,rucwar
21767_COR_385,rucwar
21767_COR_390,nocall
21767_COR_395,nocall
21767_COR_400,nocall
21767_COR_405,nocall
21767_COR_410,rucwar
21767_COR_415,rucwar
21767_COR_420,rucwar
21767_COR_425,nocall
21767_COR_430,nocall
21767_COR_435,rucwar runwre1
21767_COR_440,rucwar runwre1
21767_COR_445,rucwar
21767_COR_450,nocall
21767_COR_455,rucwar
21767_COR_460,rucwar
21767_COR_465,rucwar
21767_COR_470,hofwoo1 rucwar
21767_COR_475,hofwoo1 rucwar
21767_COR_480,nocall
21767_COR_485,rucwar
21767_COR_490,rucwar
21767_COR_495,rucwar whcpar
21767_COR_500,whcpar
21767_COR_505,whcpar
21767_COR_510,whcpar
21767_COR_515,hofwoo1 whcpar
21767_COR_520,whcpar
21767_COR_525,hofwoo1
21767_COR_530,crfpar
21767_COR_535,crfpar
21767_COR_540,crfpar runwre1
21767_COR_545,crfpar runwre1
21767_COR_550,crfpar runwre1
21767_COR_555,rucwar runwre1
21767_COR_560,rucwar runwre1
21767_COR_565,rucwar
21767_COR_570,crfpar rucwar
21767_COR_575,rucwar
21767_COR_580,rucwar
21767_COR_585,rucwar
21767_COR_590,rucwar
21767_COR_595,crfpar
21767_COR_600,nocall
26746_COR_5,bobfly1
26746_COR_10,bobfly1
26746_COR_15,bobfly1
26746_COR_20,nocall
26746_COR_25,nocall
26746_COR_30,bobfly1
26746_COR_35,bobfly1
26746_COR_40,bobfly1 rucwar
26746_COR_45,rucwar
26746_COR_50,rucwar
26746_COR_55,bobfly1 rucwar
26746_COR_60,bobfly1
26746_COR_65,bobfly1
26746_COR_70,bobfly1 rucwar
26746_COR_75,rucwar
26746_COR_80,rucwar
26746_COR_85,nocall
26746_COR_90,rucwar
26746_COR_95,nocall
26746_COR_100,nocall
26746_COR_105,rucwar
26746_COR_110,bobfly1
26746_COR_115,bobfly1 rucwar
26746_COR_120,bobfly1
26746_COR_125,bobfly1
26746_COR_130,bobfly1
26746_COR_135,bobfly1
26746_COR_140,bobfly1
26746_COR_145,rucwar
26746_COR_150,rucwar
26746_COR_155,rucwar
26746_COR_160,rucwar
26746_COR_165,rucwar
26746_COR_170,nocall
26746_COR_175,rucwar
26746_COR_180,rucwar
26746_COR_185,rucwar
26746_COR_190,rucwar
26746_COR_195,rucwar
26746_COR_200,rucwar
26746_COR_205,rucwar
26746_COR_210,rucwar
26746_COR_215,nocall
26746_COR_220,nocall
26746_COR_225,hofwoo1
26746_COR_230,nocall
26746_COR_235,nocall
26746_COR_240,nocall
26746_COR_245,nocall
26746_COR_250,nocall
26746_COR_255,nocall
26746_COR_260,nocall
26746_COR_265,nocall
26746_COR_270,nocall
26746_COR_275,nocall
26746_COR_280,nocall
26746_COR_285,nocall
26746_COR_290,nocall
26746_COR_295,bobfly1
26746_COR_300,bobfly1
26746_COR_305,nocall
26746_COR_310,bobfly1
26746_COR_315,bobfly1
26746_COR_320,bobfly1
26746_COR_325,bobfly1
26746_COR_330,nocall
26746_COR_335,nocall
26746_COR_340,nocall
26746_COR_345,nocall
26746_COR_350,nocall
26746_COR_355,nocall
26746_COR_360,nocall
26746_COR_365,nocall
26746_COR_370,nocall
26746_COR_375,nocall
26746_COR_380,nocall
26746_COR_385,nocall
26746_COR_390,nocall
26746_COR_395,nocall
26746_COR_400,nocall
26746_COR_405,nocall
26746_COR_410,bobfly1
26746_COR_415,grhcha1
26746_COR_420,grhcha1
26746_COR_425,nocall
26746_COR_430,nocall
26746_COR_435,nocall
26746_COR_440,nocall
26746_COR_445,nocall
26746_COR_450,nocall
26746_COR_455,nocall
26746_COR_460,nocall
26746_COR_465,nocall
26746_COR_470,nocall
26746_COR_475,nocall
26746_COR_480,hofwoo1
26746_COR_485,hofwoo1
26746_COR_490,nocall
26746_COR_495,nocall
26746_COR_500,nocall
26746_COR_505,nocall
26746_COR_510,nocall
26746_COR_515,nocall
26746_COR_520,nocall
26746_COR_525,nocall
26746_COR_530,nocall
26746_COR_535,nocall
26746_COR_540,nocall
26746_COR_545,nocall
26746_COR_550,nocall
26746_COR_555,brnjay
26746_COR_560,nocall
26746_COR_565,nocall
26746_COR_570,nocall
26746_COR_575,nocall
26746_COR_580,nocall
26746_COR_585,nocall
26746_COR_590,nocall
26746_COR_595,nocall
26746_COR_600,nocall
31928_COR_5,nocall
31928_COR_10,nocall
31928_COR_15,nocall
31928_COR_20,nocall
31928_COR_25,nocall
31928_COR_30,nocall
31928_COR_35,nocall
31928_COR_40,nocall
31928_COR_45,nocall
31928_COR_50,nocall
31928_COR_55,nocall
31928_COR_60,nocall
31928_COR_65,nocall
31928_COR_70,nocall
31928_COR_75,nocall
31928_COR_80,nocall
31928_COR_85,nocall
31928_COR_90,nocall
31928_COR_95,nocall
31928_COR_100,nocall
31928_COR_105,nocall
31928_COR_110,nocall
31928_COR_115,nocall
31928_COR_120,nocall
31928_COR_125,nocall
31928_COR_130,nocall
31928_COR_135,nocall
31928_COR_140,nocall
31928_COR_145,nocall
31928_COR_150,nocall
31928_COR_155,nocall
31928_COR_160,nocall
31928_COR_165,nocall
31928_COR_170,nocall
31928_COR_175,nocall
31928_COR_180,nocall
31928_COR_185,nocall
31928_COR_190,nocall
31928_COR_195,nocall
31928_COR_200,nocall
31928_COR_205,nocall
31928_COR_210,nocall
31928_COR_215,nocall
31928_COR_220,nocall
31928_COR_225,nocall
31928_COR_230,nocall
31928_COR_235,nocall
31928_COR_240,nocall
31928_COR_245,nocall
31928_COR_250,nocall
31928_COR_255,nocall
31928_COR_260,nocall
31928_COR_265,nocall
31928_COR_270,nocall
31928_COR_275,nocall
31928_COR_280,nocall
31928_COR_285,nocall
31928_COR_290,nocall
31928_COR_295,nocall
31928_COR_300,nocall
31928_COR_305,nocall
31928_COR_310,nocall
31928_COR_315,nocall
31928_COR_320,nocall
31928_COR_325,nocall
31928_COR_330,nocall
31928_COR_335,nocall
31928_COR_340,nocall
31928_COR_345,nocall
31928_COR_350,nocall
31928_COR_355,nocall
31928_COR_360,nocall
31928_COR_365,nocall
31928_COR_370,nocall
31928_COR_375,nocall
31928_COR_380,nocall
31928_COR_385,nocall
31928_COR_390,nocall
31928_COR_395,nocall
31928_COR_400,nocall
31928_COR_405,nocall
31928_COR_410,nocall
31928_COR_415,nocall
31928_COR_420,nocall
31928_COR_425,nocall
31928_COR_430,nocall
31928_COR_435,nocall
31928_COR_440,nocall
31928_COR_445,nocall
31928_COR_450,nocall
31928_COR_455,nocall
31928_COR_460,nocall
31928_COR_465,nocall
31928_COR_470,nocall
31928_COR_475,nocall
31928_COR_480,nocall
31928_COR_485,nocall
31928_COR_490,nocall
31928_COR_495,nocall
31928_COR_500,nocall
31928_COR_505,nocall
31928_COR_510,nocall
31928_COR_515,nocall
31928_COR_520,nocall
31928_COR_525,nocall
31928_COR_530,nocall
31928_COR_535,nocall
31928_COR_540,nocall
31928_COR_545,nocall
31928_COR_550,nocall
31928_COR_555,nocall
31928_COR_560,nocall
31928_COR_565,nocall
31928_COR_570,nocall
31928_COR_575,nocall
31928_COR_580,nocall
31928_COR_585,nocall
31928_COR_590,nocall
31928_COR_595,nocall
31928_COR_600,nocall
44957_COR_5,nocall
44957_COR_10,bobfly1
44957_COR_15,nocall
44957_COR_20,bobfly1
44957_COR_25,bobfly1
44957_COR_30,bobfly1
44957_COR_35,bobfly1
44957_COR_40,bobfly1
44957_COR_45,bobfly1
44957_COR_50,bobfly1
44957_COR_55,bobfly1
44957_COR_60,bobfly1
44957_COR_65,bobfly1
44957_COR_70,bobfly1
44957_COR_75,bobfly1
44957_COR_80,bobfly1
44957_COR_85,bobfly1
44957_COR_90,nocall
44957_COR_95,bobfly1
44957_COR_100,bobfly1
44957_COR_105,nocall
44957_COR_110,bobfly1
44957_COR_115,grekis
44957_COR_120,grekis
44957_COR_125,nocall
44957_COR_130,nocall
44957_COR_135,nocall
44957_COR_140,nocall
44957_COR_145,nocall
44957_COR_150,nocall
44957_COR_155,nocall
44957_COR_160,nocall
44957_COR_165,nocall
44957_COR_170,nocall
44957_COR_175,nocall
44957_COR_180,nocall
44957_COR_185,nocall
44957_COR_190,plawre1
44957_COR_195,plawre1
44957_COR_200,bobfly1 plawre1
44957_COR_205,bobfly1 plawre1
44957_COR_210,bobfly1 plawre1
44957_COR_215,bobfly1 plawre1
44957_COR_220,bobfly1 plawre1
44957_COR_225,nocall
44957_COR_230,plawre1
44957_COR_235,bobfly1 plawre1
44957_COR_240,bobfly1
44957_COR_245,nocall
44957_COR_250,plawre1
44957_COR_255,bobfly1 plawre1
44957_COR_260,bobfly1
44957_COR_265,bobfly1
44957_COR_270,bobfly1
44957_COR_275,bobfly1
44957_COR_280,bobfly1 plawre1
44957_COR_285,bobfly1
44957_COR_290,bobfly1
44957_COR_295,bobfly1
44957_COR_300,bobfly1
44957_COR_305,bobfly1
44957_COR_310,bobfly1
44957_COR_315,bobfly1
44957_COR_320,bobfly1
44957_COR_325,nocall
44957_COR_330,nocall
44957_COR_335,nocall
44957_COR_340,nocall
44957_COR_345,nocall
44957_COR_350,nocall
44957_COR_355,nocall
44957_COR_360,nocall
44957_COR_365,nocall
44957_COR_370,nocall
44957_COR_375,nocall
44957_COR_380,nocall
44957_COR_385,bobfly1
44957_COR_390,bobfly1
44957_COR_395,bobfly1
44957_COR_400,bobfly1
44957_COR_405,nocall
44957_COR_410,bobfly1
44957_COR_415,bobfly1
44957_COR_420,bobfly1
44957_COR_425,bobfly1
44957_COR_430,bobfly1
44957_COR_435,bobfly1
44957_COR_440,nocall
44957_COR_445,nocall
44957_COR_450,bobfly1
44957_COR_455,bobfly1
44957_COR_460,bobfly1
44957_COR_465,bobfly1
44957_COR_470,bobfly1
44957_COR_475,bobfly1
44957_COR_480,bobfly1
44957_COR_485,nocall
44957_COR_490,bobfly1
44957_COR_495,bobfly1
44957_COR_500,bobfly1
44957_COR_505,nocall
44957_COR_510,nocall
44957_COR_515,nocall
44957_COR_520,nocall
44957_COR_525,nocall
44957_COR_530,nocall
44957_COR_535,nocall
44957_COR_540,nocall
44957_COR_545,nocall
44957_COR_550,nocall
44957_COR_555,nocall
44957_COR_560,nocall
44957_COR_565,nocall
44957_COR_570,nocall
44957_COR_575,brnjay
44957_COR_580,brnjay
44957_COR_585,orcpar
44957_COR_590,bobfly1 orfpar
44957_COR_595,bobfly1
44957_COR_600,bobfly1
50878_COR_5,nocall
50878_COR_10,nocall
50878_COR_15,nocall
50878_COR_20,nocall
50878_COR_25,nocall
50878_COR_30,nocall
50878_COR_35,nocall
50878_COR_40,nocall
50878_COR_45,nocall
50878_COR_50,nocall
50878_COR_55,nocall
50878_COR_60,nocall
50878_COR_65,nocall
50878_COR_70,nocall
50878_COR_75,nocall
50878_COR_80,nocall
50878_COR_85,nocall
50878_COR_90,nocall
50878_COR_95,nocall
50878_COR_100,nocall
50878_COR_105,nocall
50878_COR_110,nocall
50878_COR_115,nocall
50878_COR_120,nocall
50878_COR_125,nocall
50878_COR_130,nocall
50878_COR_135,nocall
50878_COR_140,nocall
50878_COR_145,nocall
50878_COR_150,nocall
50878_COR_155,nocall
50878_COR_160,nocall
50878_COR_165,nocall
50878_COR_170,nocall
50878_COR_175,nocall
50878_COR_180,nocall
50878_COR_185,nocall
50878_COR_190,nocall
50878_COR_195,nocall
50878_COR_200,nocall
50878_COR_205,nocall
50878_COR_210,nocall
50878_COR_215,nocall
50878_COR_220,nocall
50878_COR_225,nocall
50878_COR_230,nocall
50878_COR_235,nocall
50878_COR_240,nocall
50878_COR_245,nocall
50878_COR_250,nocall
50878_COR_255,nocall
50878_COR_260,nocall
50878_COR_265,nocall
50878_COR_270,nocall
50878_COR_275,nocall
50878_COR_280,nocall
50878_COR_285,nocall
50878_COR_290,nocall
50878_COR_295,nocall
50878_COR_300,nocall
50878_COR_305,nocall
50878_COR_310,nocall
50878_COR_315,nocall
50878_COR_320,nocall
50878_COR_325,nocall
50878_COR_330,nocall
50878_COR_335,nocall
50878_COR_340,nocall
50878_COR_345,nocall
50878_COR_350,nocall
50878_COR_355,orcpar
50878_COR_360,orcpar
50878_COR_365,nocall
50878_COR_370,nocall
50878_COR_375,nocall
50878_COR_380,nocall
50878_COR_385,nocall
50878_COR_390,nocall
50878_COR_395,nocall
50878_COR_400,nocall
50878_COR_405,nocall
50878_COR_410,nocall
50878_COR_415,nocall
50878_COR_420,nocall
50878_COR_425,nocall
50878_COR_430,nocall
50878_COR_435,nocall
50878_COR_440,nocall
50878_COR_445,nocall
50878_COR_450,nocall
50878_COR_455,nocall
50878_COR_460,nocall
50878_COR_465,nocall
50878_COR_470,nocall
50878_COR_475,nocall
50878_COR_480,nocall
50878_COR_485,nocall
50878_COR_490,nocall
50878_COR_495,nocall
50878_COR_500,nocall
50878_COR_505,bobfly1
50878_COR_510,nocall
50878_COR_515,nocall
50878_COR_520,nocall
50878_COR_525,nocall
50878_COR_530,nocall
50878_COR_535,nocall
50878_COR_540,nocall
50878_COR_545,nocall
50878_COR_550,nocall
50878_COR_555,nocall
50878_COR_560,nocall
50878_COR_565,nocall
50878_COR_570,nocall
50878_COR_575,nocall
50878_COR_580,nocall
50878_COR_585,nocall
50878_COR_590,bobfly1
50878_COR_595,nocall
50878_COR_600,nocall
57610_COR_5,nocall
57610_COR_10,nocall
57610_COR_15,nocall
57610_COR_20,rubwre1
57610_COR_25,rubwre1
57610_COR_30,nocall
57610_COR_35,nocall
57610_COR_40,rubwre1
57610_COR_45,rubwre1
57610_COR_50,nocall
57610_COR_55,nocall
57610_COR_60,rubwre1
57610_COR_65,rubwre1
57610_COR_70,nocall
57610_COR_75,nocall
57610_COR_80,nocall
57610_COR_85,nocall
57610_COR_90,rubwre1
57610_COR_95,rubwre1
57610_COR_100,bucmot2 rubwre1
57610_COR_105,bucmot2 rubwre1
57610_COR_110,bucmot2 rubwre1
57610_COR_115,bucmot2 rubwre1
57610_COR_120,nocall
57610_COR_125,rubwre1
57610_COR_130,nocall
57610_COR_135,nocall
57610_COR_140,nocall
57610_COR_145,nocall
57610_COR_150,nocall
57610_COR_155,nocall
57610_COR_160,nocall
57610_COR_165,nocall
57610_COR_170,nocall
57610_COR_175,nocall
57610_COR_180,nocall
57610_COR_185,nocall
57610_COR_190,nocall
57610_COR_195,nocall
57610_COR_200,nocall
57610_COR_205,nocall
57610_COR_210,nocall
57610_COR_215,nocall
57610_COR_220,nocall
57610_COR_225,nocall
57610_COR_230,nocall
57610_COR_235,nocall
57610_COR_240,nocall
57610_COR_245,bobfly1
57610_COR_250,nocall
57610_COR_255,nocall
57610_COR_260,nocall
57610_COR_265,nocall
57610_COR_270,nocall
57610_COR_275,nocall
57610_COR_280,nocall
57610_COR_285,nocall
57610_COR_290,nocall
57610_COR_295,nocall
57610_COR_300,nocall
57610_COR_305,nocall
57610_COR_310,nocall
57610_COR_315,nocall
57610_COR_320,nocall
57610_COR_325,nocall
57610_COR_330,nocall
57610_COR_335,nocall
57610_COR_340,nocall
57610_COR_345,bobfly1
57610_COR_350,nocall
57610_COR_355,nocall
57610_COR_360,nocall
57610_COR_365,nocall
57610_COR_370,nocall
57610_COR_375,nocall
57610_COR_380,nocall
57610_COR_385,nocall
57610_COR_390,nocall
57610_COR_395,nocall
57610_COR_400,nocall
57610_COR_405,nocall
57610_COR_410,nocall
57610_COR_415,nocall
57610_COR_420,nocall
57610_COR_425,nocall
57610_COR_430,nocall
57610_COR_435,nocall
57610_COR_440,nocall
57610_COR_445,nocall
57610_COR_450,nocall
57610_COR_455,nocall
57610_COR_460,nocall
57610_COR_465,obnthr1
57610_COR_470,nocall
57610_COR_475,obnthr1
57610_COR_480,obnthr1
57610_COR_485,obnthr1
57610_COR_490,obnthr1
57610_COR_495,obnthr1
57610_COR_500,obnthr1
57610_COR_505,obnthr1
57610_COR_510,obnthr1
57610_COR_515,obnthr1
57610_COR_520,obnthr1
57610_COR_525,obnthr1
57610_COR_530,nocall
57610_COR_535,nocall
57610_COR_540,nocall
57610_COR_545,nocall
57610_COR_550,nocall
57610_COR_555,nocall
57610_COR_560,nocall
57610_COR_565,nocall
57610_COR_570,nocall
57610_COR_575,nocall
57610_COR_580,nocall
57610_COR_585,nocall
57610_COR_590,nocall
57610_COR_595,nocall
57610_COR_600,nocall
2782_SSW_5,bkcchi grycat reevir1
2782_SSW_10,eawpew grycat reevir1
2782_SSW_15,bkcchi eawpew grycat reevir1
2782_SSW_20,eawpew grycat reevir1
2782_SSW_25,eawpew grycat reevir1
2782_SSW_30,bkcchi reevir1
2782_SSW_35,eawpew grycat reevir1
2782_SSW_40,bkcchi eawpew grycat reevir1
2782_SSW_45,eawpew reevir1
2782_SSW_50,bkcchi eawpew reevir1
2782_SSW_55,bkcchi eawpew reevir1
2782_SSW_60,bkcchi eawpew reevir1
2782_SSW_65,bkcchi eawpew reevir1
2782_SSW_70,eawpew reevir1
2782_SSW_75,bkcchi eawpew grycat reevir1
2782_SSW_80,eawpew grycat reevir1
2782_SSW_85,grycat reevir1
2782_SSW_90,eawpew grycat reevir1
2782_SSW_95,eawpew grycat reevir1
2782_SSW_100,bkcchi reevir1
2782_SSW_105,eawpew reevir1
2782_SSW_110,bkcchi eawpew reevir1
2782_SSW_115,eawpew reevir1
2782_SSW_120,reevir1
2782_SSW_125,bkcchi eawpew reevir1
2782_SSW_130,grycat reevir1
2782_SSW_135,eawpew grycat reevir1
2782_SSW_140,eawpew grycat reevir1
2782_SSW_145,eawpew reevir1
2782_SSW_150,reevir1
2782_SSW_155,eawpew reevir1
2782_SSW_160,eawpew reevir1
2782_SSW_165,reevir1
2782_SSW_170,eawpew reevir1
2782_SSW_175,eawpew reevir1
2782_SSW_180,reevir1
2782_SSW_185,eawpew grycat reevir1
2782_SSW_190,eawpew grycat reevir1
2782_SSW_195,grycat reevir1
2782_SSW_200,eawpew grycat reevir1
2782_SSW_205,grycat reevir1
2782_SSW_210,eawpew grycat reevir1
2782_SSW_215,grycat reevir1
2782_SSW_220,eawpew grycat reevir1
2782_SSW_225,eawpew grycat reevir1
2782_SSW_230,chswar eawpew grycat reevir1
2782_SSW_235,grycat reevir1
2782_SSW_240,chswar eawpew reevir1
2782_SSW_245,grycat reevir1
2782_SSW_250,eawpew grycat reevir1
2782_SSW_255,grycat reevir1
2782_SSW_260,grycat reevir1
2782_SSW_265,eawpew reevir1
2782_SSW_270,eawpew reevir1
2782_SSW_275,bkcchi grycat reevir1
2782_SSW_280,eawpew reevir1
2782_SSW_285,reevir1
2782_SSW_290,eawpew reevir1
2782_SSW_295,reevir1
2782_SSW_300,eawpew reevir1
2782_SSW_305,eawpew reevir1
2782_SSW_310,bkcchi reevir1
2782_SSW_315,eawpew reevir1
2782_SSW_320,reevir1
2782_SSW_325,eawpew reevir1
2782_SSW_330,reevir1
2782_SSW_335,eawpew reevir1
2782_SSW_340,reevir1
2782_SSW_345,eawpew reevir1
2782_SSW_350,reevir1
2782_SSW_355,eawpew reevir1
2782_SSW_360,reevir1
2782_SSW_365,eawpew reevir1
2782_SSW_370,reevir1
2782_SSW_375,reevir1
2782_SSW_380,reevir1
2782_SSW_385,eawpew reevir1
2782_SSW_390,bkcchi reevir1
2782_SSW_395,eawpew reevir1
2782_SSW_400,reevir1
2782_SSW_405,eawpew reevir1
2782_SSW_410,reevir1
2782_SSW_415,eawpew reevir1
2782_SSW_420,reevir1
2782_SSW_425,reevir1
2782_SSW_430,eawpew reevir1
2782_SSW_435,reevir1
2782_SSW_440,eawpew reevir1
2782_SSW_445,bkcchi eawpew reevir1
2782_SSW_450,eawpew reevir1
2782_SSW_455,eawpew reevir1
2782_SSW_460,bkcchi reevir1
2782_SSW_465,eawpew reevir1
2782_SSW_470,bkcchi eawpew reevir1
2782_SSW_475,bkcchi reevir1
2782_SSW_480,bkcchi eawpew reevir1
2782_SSW_485,bkcchi eawpew reevir1
2782_SSW_490,bkcchi eawpew reevir1
2782_SSW_495,bkcchi eawpew reevir1
2782_SSW_500,bkcchi eawpew reevir1
2782_SSW_505,bkcchi eawpew reevir1
2782_SSW_510,bkcchi eawpew reevir1
2782_SSW_515,eawpew reevir1
2782_SSW_520,bkcchi reevir1
2782_SSW_525,bkcchi eawpew reevir1
2782_SSW_530,reevir1
2782_SSW_535,bkcchi eawpew reevir1
2782_SSW_540,bkcchi eawpew reevir1
2782_SSW_545,reevir1
2782_SSW_550,bkcchi eawpew reevir1
2782_SSW_555,reevir1
2782_SSW_560,reevir1
2782_SSW_565,eawpew reevir1
2782_SSW_570,eawpew reevir1
2782_SSW_575,eawpew reevir1
2782_SSW_580,eawpew reevir1
2782_SSW_585,eawpew reevir1
2782_SSW_590,bkcchi reevir1
2782_SSW_595,bkcchi eawpew reevir1
2782_SSW_600,eawpew reevir1
7843_SSW_5,nocall
7843_SSW_10,nocall
7843_SSW_15,nocall
7843_SSW_20,nocall
7843_SSW_25,nocall
7843_SSW_30,nocall
7843_SSW_35,nocall
7843_SSW_40,nocall
7843_SSW_45,nocall
7843_SSW_50,nocall
7843_SSW_55,nocall
7843_SSW_60,nocall
7843_SSW_65,nocall
7843_SSW_70,nocall
7843_SSW_75,nocall
7843_SSW_80,nocall
7843_SSW_85,nocall
7843_SSW_90,nocall
7843_SSW_95,nocall
7843_SSW_100,nocall
7843_SSW_105,nocall
7843_SSW_110,nocall
7843_SSW_115,nocall
7843_SSW_120,nocall
7843_SSW_125,nocall
7843_SSW_130,nocall
7843_SSW_135,nocall
7843_SSW_140,nocall
7843_SSW_145,nocall
7843_SSW_150,nocall
7843_SSW_155,nocall
7843_SSW_160,nocall
7843_SSW_165,nocall
7843_SSW_170,nocall
7843_SSW_175,nocall
7843_SSW_180,nocall
7843_SSW_185,nocall
7843_SSW_190,nocall
7843_SSW_195,nocall
7843_SSW_200,nocall
7843_SSW_205,nocall
7843_SSW_210,nocall
7843_SSW_215,nocall
7843_SSW_220,nocall
7843_SSW_225,nocall
7843_SSW_230,nocall
7843_SSW_235,nocall
7843_SSW_240,nocall
7843_SSW_245,nocall
7843_SSW_250,nocall
7843_SSW_255,nocall
7843_SSW_260,nocall
7843_SSW_265,nocall
7843_SSW_270,nocall
7843_SSW_275,nocall
7843_SSW_280,nocall
7843_SSW_285,nocall
7843_SSW_290,nocall
7843_SSW_295,nocall
7843_SSW_300,nocall
7843_SSW_305,nocall
7843_SSW_310,nocall
7843_SSW_315,nocall
7843_SSW_320,nocall
7843_SSW_325,nocall
7843_SSW_330,nocall
7843_SSW_335,nocall
7843_SSW_340,nocall
7843_SSW_345,nocall
7843_SSW_350,nocall
7843_SSW_355,nocall
7843_SSW_360,nocall
7843_SSW_365,nocall
7843_SSW_370,nocall
7843_SSW_375,nocall
7843_SSW_380,nocall
7843_SSW_385,nocall
7843_SSW_390,nocall
7843_SSW_395,nocall
7843_SSW_400,nocall
7843_SSW_405,nocall
7843_SSW_410,nocall
7843_SSW_415,nocall
7843_SSW_420,nocall
7843_SSW_425,nocall
7843_SSW_430,nocall
7843_SSW_435,nocall
7843_SSW_440,nocall
7843_SSW_445,nocall
7843_SSW_450,nocall
7843_SSW_455,nocall
7843_SSW_460,nocall
7843_SSW_465,bkcchi
7843_SSW_470,nocall
7843_SSW_475,nocall
7843_SSW_480,bkcchi
7843_SSW_485,nocall
7843_SSW_490,nocall
7843_SSW_495,nocall
7843_SSW_500,nocall
7843_SSW_505,nocall
7843_SSW_510,nocall
7843_SSW_515,nocall
7843_SSW_520,nocall
7843_SSW_525,nocall
7843_SSW_530,blujay
7843_SSW_535,blujay
7843_SSW_540,nocall
7843_SSW_545,nocall
7843_SSW_550,nocall
7843_SSW_555,nocall
7843_SSW_560,nocall
7843_SSW_565,nocall
7843_SSW_570,nocall
7843_SSW_575,nocall
7843_SSW_580,nocall
7843_SSW_585,nocall
7843_SSW_590,nocall
7843_SSW_595,nocall
7843_SSW_600,nocall
10534_SSW_5,nocall
10534_SSW_10,swaspa
10534_SSW_15,nocall
10534_SSW_20,nocall
10534_SSW_25,swaspa
10534_SSW_30,nocall
10534_SSW_35,nocall
10534_SSW_40,nocall
10534_SSW_45,nocall
10534_SSW_50,blujay
10534_SSW_55,blujay
10534_SSW_60,bkcchi
10534_SSW_65,bkcchi
10534_SSW_70,nocall
10534_SSW_75,nocall
10534_SSW_80,bkcchi
10534_SSW_85,dowwoo
10534_SSW_90,nocall
10534_SSW_95,nocall
10534_SSW_100,nocall
10534_SSW_105,nocall
10534_SSW_110,bkcchi
10534_SSW_115,nocall
10534_SSW_120,nocall
10534_SSW_125,nocall
10534_SSW_130,bkcchi
10534_SSW_135,nocall
10534_SSW_140,bkcchi
10534_SSW_145,bkcchi
10534_SSW_150,nocall
10534_SSW_155,nocall
10534_SSW_160,bkcchi
10534_SSW_165,bkcchi
10534_SSW_170,bkcchi
10534_SSW_175,nocall
10534_SSW_180,nocall
10534_SSW_185,nocall
10534_SSW_190,nocall
10534_SSW_195,nocall
10534_SSW_200,nocall
10534_SSW_205,rewbla
10534_SSW_210,nocall
10534_SSW_215,nocall
10534_SSW_220,nocall
10534_SSW_225,nocall
10534_SSW_230,rewbla
10534_SSW_235,rewbla
10534_SSW_240,nocall
10534_SSW_245,rewbla
10534_SSW_250,nocall
10534_SSW_255,nocall
10534_SSW_260,nocall
10534_SSW_265,nocall
10534_SSW_270,nocall
10534_SSW_275,rewbla
10534_SSW_280,nocall
10534_SSW_285,belkin1 rewbla
10534_SSW_290,rewbla
10534_SSW_295,haiwoo
10534_SSW_300,haiwoo rewbla
10534_SSW_305,rewbla
10534_SSW_310,rewbla
10534_SSW_315,nocall
10534_SSW_320,rewbla
10534_SSW_325,dowwoo
10534_SSW_330,haiwoo
10534_SSW_335,haiwoo
10534_SSW_340,rewbla
10534_SSW_345,rewbla
10534_SSW_350,rewbla
10534_SSW_355,rewbla
10534_SSW_360,rewbla
10534_SSW_365,rewbla
10534_SSW_370,rewbla
10534_SSW_375,rewbla
10534_SSW_380,rewbla
10534_SSW_385,rewbla
10534_SSW_390,rewbla
10534_SSW_395,nocall
10534_SSW_400,nocall
10534_SSW_405,nocall
10534_SSW_410,nocall
10534_SSW_415,rewbla
10534_SSW_420,nocall
10534_SSW_425,rewbla
10534_SSW_430,nocall
10534_SSW_435,nocall
10534_SSW_440,nocall
10534_SSW_445,dowwoo
10534_SSW_450,nocall
10534_SSW_455,rewbla
10534_SSW_460,rewbla
10534_SSW_465,rewbla
10534_SSW_470,nocall
10534_SSW_475,nocall
10534_SSW_480,nocall
10534_SSW_485,nocall
10534_SSW_490,rewbla
10534_SSW_495,belkin1
10534_SSW_500,belkin1
10534_SSW_505,nocall
10534_SSW_510,nocall
10534_SSW_515,rewbla
10534_SSW_520,nocall
10534_SSW_525,comgra rewbla
10534_SSW_530,rewbla
10534_SSW_535,nocall
10534_SSW_540,nocall
10534_SSW_545,nocall
10534_SSW_550,rewbla
10534_SSW_555,nocall
10534_SSW_560,nocall
10534_SSW_565,nocall
10534_SSW_570,nocall
10534_SSW_575,rewbla
10534_SSW_580,nocall
10534_SSW_585,nocall
10534_SSW_590,nocall
10534_SSW_595,nocall
10534_SSW_600,comgra rewbla
14473_SSW_5,nocall
14473_SSW_10,nocall
14473_SSW_15,nocall
14473_SSW_20,nocall
14473_SSW_25,nocall
14473_SSW_30,nocall
14473_SSW_35,nocall
14473_SSW_40,nocall
14473_SSW_45,nocall
14473_SSW_50,nocall
14473_SSW_55,nocall
14473_SSW_60,nocall
14473_SSW_65,nocall
14473_SSW_70,nocall
14473_SSW_75,nocall
14473_SSW_80,nocall
14473_SSW_85,nocall
14473_SSW_90,nocall
14473_SSW_95,nocall
14473_SSW_100,nocall
14473_SSW_105,nocall
14473_SSW_110,nocall
14473_SSW_115,nocall
14473_SSW_120,nocall
14473_SSW_125,nocall
14473_SSW_130,nocall
14473_SSW_135,nocall
14473_SSW_140,nocall
14473_SSW_145,nocall
14473_SSW_150,nocall
14473_SSW_155,nocall
14473_SSW_160,nocall
14473_SSW_165,nocall
14473_SSW_170,nocall
14473_SSW_175,nocall
14473_SSW_180,nocall
14473_SSW_185,nocall
14473_SSW_190,nocall
14473_SSW_195,nocall
14473_SSW_200,nocall
14473_SSW_205,nocall
14473_SSW_210,nocall
14473_SSW_215,nocall
14473_SSW_220,nocall
14473_SSW_225,nocall
14473_SSW_230,nocall
14473_SSW_235,nocall
14473_SSW_240,nocall
14473_SSW_245,nocall
14473_SSW_250,nocall
14473_SSW_255,nocall
14473_SSW_260,nocall
14473_SSW_265,nocall
14473_SSW_270,nocall
14473_SSW_275,nocall
14473_SSW_280,nocall
14473_SSW_285,nocall
14473_SSW_290,nocall
14473_SSW_295,nocall
14473_SSW_300,nocall
14473_SSW_305,nocall
14473_SSW_310,nocall
14473_SSW_315,nocall
14473_SSW_320,nocall
14473_SSW_325,nocall
14473_SSW_330,nocall
14473_SSW_335,nocall
14473_SSW_340,nocall
14473_SSW_345,nocall
14473_SSW_350,nocall
14473_SSW_355,nocall
14473_SSW_360,nocall
14473_SSW_365,nocall
14473_SSW_370,nocall
14473_SSW_375,nocall
14473_SSW_380,nocall
14473_SSW_385,nocall
14473_SSW_390,nocall
14473_SSW_395,nocall
14473_SSW_400,nocall
14473_SSW_405,nocall
14473_SSW_410,nocall
14473_SSW_415,nocall
14473_SSW_420,nocall
14473_SSW_425,nocall
14473_SSW_430,nocall
14473_SSW_435,nocall
14473_SSW_440,nocall
14473_SSW_445,nocall
14473_SSW_450,nocall
14473_SSW_455,nocall
14473_SSW_460,nocall
14473_SSW_465,nocall
14473_SSW_470,nocall
14473_SSW_475,nocall
14473_SSW_480,nocall
14473_SSW_485,nocall
14473_SSW_490,nocall
14473_SSW_495,nocall
14473_SSW_500,nocall
14473_SSW_505,nocall
14473_SSW_510,nocall
14473_SSW_515,nocall
14473_SSW_520,nocall
14473_SSW_525,nocall
14473_SSW_530,nocall
14473_SSW_535,nocall
14473_SSW_540,nocall
14473_SSW_545,nocall
14473_SSW_550,nocall
14473_SSW_555,nocall
14473_SSW_560,nocall
14473_SSW_565,grycat
14473_SSW_570,grycat
14473_SSW_575,grycat
14473_SSW_580,grycat
14473_SSW_585,grycat
14473_SSW_590,norwat
14473_SSW_595,grycat
14473_SSW_600,grycat
20152_SSW_5,nocall
20152_SSW_10,nocall
20152_SSW_15,nocall
20152_SSW_20,nocall
20152_SSW_25,nocall
20152_SSW_30,nocall
20152_SSW_35,nocall
20152_SSW_40,nocall
20152_SSW_45,nocall
20152_SSW_50,nocall
20152_SSW_55,nocall
20152_SSW_60,nocall
20152_SSW_65,nocall
20152_SSW_70,nocall
20152_SSW_75,nocall
20152_SSW_80,nocall
20152_SSW_85,nocall
20152_SSW_90,nocall
20152_SSW_95,nocall
20152_SSW_100,nocall
20152_SSW_105,nocall
20152_SSW_110,nocall
20152_SSW_115,nocall
20152_SSW_120,nocall
20152_SSW_125,nocall
20152_SSW_130,nocall
20152_SSW_135,nocall
20152_SSW_140,nocall
20152_SSW_145,nocall
20152_SSW_150,nocall
20152_SSW_155,nocall
20152_SSW_160,nocall
20152_SSW_165,nocall
20152_SSW_170,nocall
20152_SSW_175,nocall
20152_SSW_180,nocall
20152_SSW_185,nocall
20152_SSW_190,nocall
20152_SSW_195,nocall
20152_SSW_200,nocall
20152_SSW_205,nocall
20152_SSW_210,nocall
20152_SSW_215,nocall
20152_SSW_220,nocall
20152_SSW_225,nocall
20152_SSW_230,nocall
20152_SSW_235,nocall
20152_SSW_240,nocall
20152_SSW_245,nocall
20152_SSW_250,nocall
20152_SSW_255,nocall
20152_SSW_260,nocall
20152_SSW_265,nocall
20152_SSW_270,nocall
20152_SSW_275,nocall
20152_SSW_280,nocall
20152_SSW_285,nocall
20152_SSW_290,nocall
20152_SSW_295,nocall
20152_SSW_300,nocall
20152_SSW_305,nocall
20152_SSW_310,nocall
20152_SSW_315,nocall
20152_SSW_320,nocall
20152_SSW_325,nocall
20152_SSW_330,nocall
20152_SSW_335,nocall
20152_SSW_340,nocall
20152_SSW_345,nocall
20152_SSW_350,nocall
20152_SSW_355,nocall
20152_SSW_360,nocall
20152_SSW_365,nocall
20152_SSW_370,nocall
20152_SSW_375,nocall
20152_SSW_380,nocall
20152_SSW_385,nocall
20152_SSW_390,nocall
20152_SSW_395,nocall
20152_SSW_400,nocall
20152_SSW_405,nocall
20152_SSW_410,nocall
20152_SSW_415,nocall
20152_SSW_420,nocall
20152_SSW_425,nocall
20152_SSW_430,nocall
20152_SSW_435,nocall
20152_SSW_440,nocall
20152_SSW_445,nocall
20152_SSW_450,nocall
20152_SSW_455,nocall
20152_SSW_460,amegfi
20152_SSW_465,amegfi
20152_SSW_470,nocall
20152_SSW_475,nocall
20152_SSW_480,nocall
20152_SSW_485,nocall
20152_SSW_490,nocall
20152_SSW_495,nocall
20152_SSW_500,nocall
20152_SSW_505,nocall
20152_SSW_510,nocall
20152_SSW_515,nocall
20152_SSW_520,nocall
20152_SSW_525,nocall
20152_SSW_530,nocall
20152_SSW_535,nocall
20152_SSW_540,amegfi
20152_SSW_545,amegfi
20152_SSW_550,nocall
20152_SSW_555,nocall
20152_SSW_560,nocall
20152_SSW_565,nocall
20152_SSW_570,nocall
20152_SSW_575,nocall
20152_SSW_580,nocall
20152_SSW_585,nocall
20152_SSW_590,nocall
20152_SSW_595,nocall
20152_SSW_600,nocall
26709_SSW_5,amegfi
26709_SSW_10,nocall
26709_SSW_15,nocall
26709_SSW_20,nocall
26709_SSW_25,nocall
26709_SSW_30,nocall
26709_SSW_35,nocall
26709_SSW_40,nocall
26709_SSW_45,nocall
26709_SSW_50,nocall
26709_SSW_55,nocall
26709_SSW_60,nocall
26709_SSW_65,nocall
26709_SSW_70,nocall
26709_SSW_75,nocall
26709_SSW_80,nocall
26709_SSW_85,nocall
26709_SSW_90,comyel
26709_SSW_95,nocall
26709_SSW_100,nocall
26709_SSW_105,comyel
26709_SSW_110,comyel
26709_SSW_115,nocall
26709_SSW_120,nocall
26709_SSW_125,nocall
26709_SSW_130,nocall
26709_SSW_135,nocall
26709_SSW_140,nocall
26709_SSW_145,nocall
26709_SSW_150,nocall
26709_SSW_155,nocall
26709_SSW_160,nocall
26709_SSW_165,nocall
26709_SSW_170,nocall
26709_SSW_175,nocall
26709_SSW_180,nocall
26709_SSW_185,comyel
26709_SSW_190,nocall
26709_SSW_195,nocall
26709_SSW_200,nocall
26709_SSW_205,nocall
26709_SSW_210,nocall
26709_SSW_215,nocall
26709_SSW_220,nocall
26709_SSW_225,nocall
26709_SSW_230,nocall
26709_SSW_235,comyel
26709_SSW_240,sonspa
26709_SSW_245,comyel
26709_SSW_250,sonspa
26709_SSW_255,comyel
26709_SSW_260,comyel sonspa
26709_SSW_265,eastow sonspa
26709_SSW_270,comyel sonspa
26709_SSW_275,eastow sonspa
26709_SSW_280,comyel sonspa
26709_SSW_285,eastow sonspa
26709_SSW_290,comyel
26709_SSW_295,eastow sonspa
26709_SSW_300,sonspa
26709_SSW_305,comyel sonspa
26709_SSW_310,nocall
26709_SSW_315,nocall
26709_SSW_320,nocall
26709_SSW_325,nocall
26709_SSW_330,nocall
26709_SSW_335,nocall
26709_SSW_340,nocall
26709_SSW_345,comyel
26709_SSW_350,eastow sonspa
26709_SSW_355,comyel eastow
26709_SSW_360,eastow
26709_SSW_365,eastow
26709_SSW_370,comyel sonspa
26709_SSW_375,eastow sonspa
26709_SSW_380,comyel eastow
26709_SSW_385,nocall
26709_SSW_390,comyel eastow
26709_SSW_395,eastow
26709_SSW_400,nocall
26709_SSW_405,comyel sonspa
26709_SSW_410,eastow sonspa
26709_SSW_415,comyel
26709_SSW_420,nocall
26709_SSW_425,comyel
26709_SSW_430,nocall
26709_SSW_435,nocall
26709_SSW_440,comyel
26709_SSW_445,sonspa
26709_SSW_450,comyel
26709_SSW_455,sonspa
26709_SSW_460,comyel
26709_SSW_465,comyel
26709_SSW_470,nocall
26709_SSW_475,comyel
26709_SSW_480,sonspa
26709_SSW_485,comyel
26709_SSW_490,nocall
26709_SSW_495,eastow sonspa
26709_SSW_500,comyel eastow
26709_SSW_505,eastow
26709_SSW_510,eastow
26709_SSW_515,eastow
26709_SSW_520,eastow
26709_SSW_525,eastow
26709_SSW_530,eastow sonspa
26709_SSW_535,nocall
26709_SSW_540,nocall
26709_SSW_545,sonspa
26709_SSW_550,nocall
26709_SSW_555,comyel
26709_SSW_560,sonspa
26709_SSW_565,sonspa
26709_SSW_570,nocall
26709_SSW_575,comyel
26709_SSW_580,nocall
26709_SSW_585,comyel
26709_SSW_590,nocall
26709_SSW_595,sonspa
26709_SSW_600,nocall
28933_SSW_5,sonspa
28933_SSW_10,rewbla
28933_SSW_15,sonspa
28933_SSW_20,sonspa
28933_SSW_25,sonspa
28933_SSW_30,sonspa
28933_SSW_35,sonspa
28933_SSW_40,sonspa
28933_SSW_45,sonspa
28933_SSW_50,sonspa
28933_SSW_55,sonspa
28933_SSW_60,sonspa
28933_SSW_65,sonspa
28933_SSW_70,sonspa
28933_SSW_75,sonspa
28933_SSW_80,sonspa
28933_SSW_85,sonspa
28933_SSW_90,sonspa
28933_SSW_95,sonspa
28933_SSW_100,rewbla sonspa
28933_SSW_105,sonspa
28933_SSW_110,sonspa
28933_SSW_115,sonspa
28933_SSW_120,sonspa
28933_SSW_125,norcar sonspa
28933_SSW_130,sonspa
28933_SSW_135,sonspa
28933_SSW_140,sonspa
28933_SSW_145,norcar sonspa
28933_SSW_150,norcar sonspa
28933_SSW_155,gockin norcar sonspa
28933_SSW_160,norcar sonspa
28933_SSW_165,sonspa
28933_SSW_170,sonspa
28933_SSW_175,sonspa
28933_SSW_180,sonspa
28933_SSW_185,sonspa
28933_SSW_190,sonspa
28933_SSW_195,sonspa
28933_SSW_200,sonspa
28933_SSW_205,sonspa
28933_SSW_210,sonspa
28933_SSW_215,norcar sonspa
28933_SSW_220,norcar sonspa
28933_SSW_225,norcar rewbla sonspa
28933_SSW_230,nocall
28933_SSW_235,norcar rewbla
28933_SSW_240,gockin
28933_SSW_245,nocall
28933_SSW_250,amegfi gockin
28933_SSW_255,cangoo rewbla
28933_SSW_260,cangoo
28933_SSW_265,cangoo
28933_SSW_270,cangoo sonspa
28933_SSW_275,cangoo gockin norcar rewbla sonspa
28933_SSW_280,cangoo norcar
28933_SSW_285,cangoo norcar
28933_SSW_290,cangoo norcar sonspa
28933_SSW_295,cangoo gockin rewbla
28933_SSW_300,cangoo rewbla
28933_SSW_305,cangoo gockin sonspa
28933_SSW_310,gockin rewbla sonspa
28933_SSW_315,gockin rewbla
28933_SSW_320,rewbla
28933_SSW_325,nocall
28933_SSW_330,cangoo
28933_SSW_335,nocall
28933_SSW_340,nocall
28933_SSW_345,cangoo
28933_SSW_350,cangoo
28933_SSW_355,amecro cangoo gockin
28933_SSW_360,cangoo sonspa
28933_SSW_365,cangoo sonspa
28933_SSW_370,rewbla sonspa
28933_SSW_375,rewbla sonspa
28933_SSW_380,gockin rewbla sonspa
28933_SSW_385,gockin rewbla sonspa
28933_SSW_390,gockin rewbla sonspa
28933_SSW_395,sonspa
28933_SSW_400,amerob gockin
28933_SSW_405,amerob gockin rewbla sonspa
28933_SSW_410,amerob gockin sonspa
28933_SSW_415,gockin sonspa
28933_SSW_420,rewbla sonspa
28933_SSW_425,sonspa
28933_SSW_430,rewbla
28933_SSW_435,gockin
28933_SSW_440,nocall
28933_SSW_445,amerob gockin
28933_SSW_450,gockin
28933_SSW_455,amerob
28933_SSW_460,nocall
28933_SSW_465,amerob
28933_SSW_470,amerob
28933_SSW_475,nocall
28933_SSW_480,nocall
28933_SSW_485,nocall
28933_SSW_490,rewbla swaspa
28933_SSW_495,nocall
28933_SSW_500,nocall
28933_SSW_505,nocall
28933_SSW_510,nocall
28933_SSW_515,nocall
28933_SSW_520,rewbla swaspa
28933_SSW_525,swaspa
28933_SSW_530,nocall
28933_SSW_535,nocall
28933_SSW_540,blujay swaspa
28933_SSW_545,blujay rewbla swaspa
28933_SSW_550,swaspa
28933_SSW_555,blujay swaspa
28933_SSW_560,blujay
28933_SSW_565,rewbla
28933_SSW_570,rewbla
28933_SSW_575,nocall
28933_SSW_580,rewbla
28933_SSW_585,nocall
28933_SSW_590,nocall
28933_SSW_595,nocall
28933_SSW_600,rewbla
42907_SSW_5,reevir1
42907_SSW_10,reevir1
42907_SSW_15,reevir1
42907_SSW_20,reevir1
42907_SSW_25,reevir1
42907_SSW_30,reevir1
42907_SSW_35,reevir1
42907_SSW_40,reevir1
42907_SSW_45,reevir1
42907_SSW_50,reevir1
42907_SSW_55,reevir1
42907_SSW_60,reevir1
42907_SSW_65,reevir1
42907_SSW_70,reevir1
42907_SSW_75,reevir1
42907_SSW_80,reevir1
42907_SSW_85,reevir1
42907_SSW_90,reevir1
42907_SSW_95,reevir1
42907_SSW_100,reevir1
42907_SSW_105,reevir1
42907_SSW_110,reevir1
42907_SSW_115,reevir1
42907_SSW_120,reevir1
42907_SSW_125,reevir1
42907_SSW_130,reevir1
42907_SSW_135,reevir1
42907_SSW_140,nocall
42907_SSW_145,nocall
42907_SSW_150,nocall
42907_SSW_155,reevir1
42907_SSW_160,reevir1
42907_SSW_165,nocall
42907_SSW_170,reevir1
42907_SSW_175,reevir1
42907_SSW_180,nocall
42907_SSW_185,reevir1
42907_SSW_190,nocall
42907_SSW_195,reevir1
42907_SSW_200,reevir1
42907_SSW_205,nocall
42907_SSW_210,nocall
42907_SSW_215,nocall
42907_SSW_220,nocall
42907_SSW_225,bkcchi
42907_SSW_230,bkcchi
42907_SSW_235,nocall
42907_SSW_240,bkcchi
42907_SSW_245,nocall
42907_SSW_250,nocall
42907_SSW_255,nocall
42907_SSW_260,nocall
42907_SSW_265,nocall
42907_SSW_270,nocall
42907_SSW_275,nocall
42907_SSW_280,nocall
42907_SSW_285,nocall
42907_SSW_290,nocall
42907_SSW_295,nocall
42907_SSW_300,nocall
42907_SSW_305,nocall
42907_SSW_310,nocall
42907_SSW_315,nocall
42907_SSW_320,nocall
42907_SSW_325,nocall
42907_SSW_330,nocall
42907_SSW_335,nocall
42907_SSW_340,nocall
42907_SSW_345,nocall
42907_SSW_350,nocall
42907_SSW_355,nocall
42907_SSW_360,nocall
42907_SSW_365,nocall
42907_SSW_370,nocall
42907_SSW_375,nocall
42907_SSW_380,nocall
42907_SSW_385,nocall
42907_SSW_390,nocall
42907_SSW_395,nocall
42907_SSW_400,nocall
42907_SSW_405,nocall
42907_SSW_410,nocall
42907_SSW_415,nocall
42907_SSW_420,nocall
42907_SSW_425,nocall
42907_SSW_430,nocall
42907_SSW_435,nocall
42907_SSW_440,nocall
42907_SSW_445,nocall
42907_SSW_450,nocall
42907_SSW_455,nocall
42907_SSW_460,nocall
42907_SSW_465,yebsap
42907_SSW_470,nocall
42907_SSW_475,nocall
42907_SSW_480,nocall
42907_SSW_485,nocall
42907_SSW_490,nocall
42907_SSW_495,nocall
42907_SSW_500,nocall
42907_SSW_505,nocall
42907_SSW_510,nocall
42907_SSW_515,nocall
42907_SSW_520,nocall
42907_SSW_525,nocall
42907_SSW_530,nocall
42907_SSW_535,nocall
42907_SSW_540,yebsap
42907_SSW_545,yebsap
42907_SSW_550,yebsap
42907_SSW_555,nocall
42907_SSW_560,yebsap
42907_SSW_565,nocall
42907_SSW_570,nocall
42907_SSW_575,nocall
42907_SSW_580,yebsap
42907_SSW_585,yebsap
42907_SSW_590,nocall
42907_SSW_595,nocall
42907_SSW_600,nocall
51010_SSW_5,grycat norfli
51010_SSW_10,grycat norfli
51010_SSW_15,woothr
51010_SSW_20,norfli
51010_SSW_25,norfli
51010_SSW_30,nocall
51010_SSW_35,rewbla
51010_SSW_40,nocall
51010_SSW_45,norfli
51010_SSW_50,norfli
51010_SSW_55,nocall
51010_SSW_60,rewbla
51010_SSW_65,balori
51010_SSW_70,blujay
51010_SSW_75,blujay
51010_SSW_80,rewbla
51010_SSW_85,nocall
51010_SSW_90,nocall
51010_SSW_95,nocall
51010_SSW_100,woothr
51010_SSW_105,nocall
51010_SSW_110,nocall
51010_SSW_115,norcar
51010_SSW_120,balori norcar
51010_SSW_125,norcar
51010_SSW_130,norcar rewbla
51010_SSW_135,rewbla
51010_SSW_140,rewbla
51010_SSW_145,nocall
51010_SSW_150,rewbla
51010_SSW_155,rewbla
51010_SSW_160,balori rewbla
51010_SSW_165,rewbla
51010_SSW_170,rewbla
51010_SSW_175,rewbla
51010_SSW_180,nocall
51010_SSW_185,nocall
51010_SSW_190,rewbla
51010_SSW_195,nocall
51010_SSW_200,nocall
51010_SSW_205,nocall
51010_SSW_210,nocall
51010_SSW_215,nocall
51010_SSW_220,blujay
51010_SSW_225,nocall
51010_SSW_230,nocall
51010_SSW_235,nocall
51010_SSW_240,nocall
51010_SSW_245,rebwoo
51010_SSW_250,nocall
51010_SSW_255,nocall
51010_SSW_260,nocall
51010_SSW_265,balori haiwoo
51010_SSW_270,nocall
51010_SSW_275,balori
51010_SSW_280,rebwoo
51010_SSW_285,balori rebwoo
51010_SSW_290,balori comgra
51010_SSW_295,balori rewbla
51010_SSW_300,balori
51010_SSW_305,balori
51010_SSW_310,balori
51010_SSW_315,nocall
51010_SSW_320,balori
51010_SSW_325,balori
51010_SSW_330,balori
51010_SSW_335,balori
51010_SSW_340,balori grycat
51010_SSW_345,grycat
51010_SSW_350,rewbla
51010_SSW_355,sonspa
51010_SSW_360,balori
51010_SSW_365,grycat
51010_SSW_370,grycat
51010_SSW_375,balori grycat
51010_SSW_380,grycat
51010_SSW_385,balori grycat
51010_SSW_390,balori grycat
51010_SSW_395,balori grycat
51010_SSW_400,balori grycat
51010_SSW_405,grycat
51010_SSW_410,balori grycat
51010_SSW_415,grycat
51010_SSW_420,balori grycat
51010_SSW_425,balori grycat
51010_SSW_430,balori grycat
51010_SSW_435,balori grycat
51010_SSW_440,balori grycat
51010_SSW_445,balori grycat
51010_SSW_450,grycat
51010_SSW_455,balori grycat sonspa
51010_SSW_460,balori grycat sonspa
51010_SSW_465,balori grycat
51010_SSW_470,nocall
51010_SSW_475,nocall
51010_SSW_480,nocall
51010_SSW_485,nocall
51010_SSW_490,nocall
51010_SSW_495,bkcchi
51010_SSW_500,balori bkcchi
51010_SSW_505,balori bkcchi
51010_SSW_510,balori bkcchi
51010_SSW_515,balori bkcchi
51010_SSW_520,balori bkcchi
51010_SSW_525,bkcchi
51010_SSW_530,bkcchi
51010_SSW_535,balori bkcchi
51010_SSW_540,bkcchi rebwoo
51010_SSW_545,bkcchi
51010_SSW_550,balori bkcchi
51010_SSW_555,bkcchi
51010_SSW_560,bkcchi
51010_SSW_565,bkcchi norcar
51010_SSW_570,bkcchi norcar
51010_SSW_575,nocall
51010_SSW_580,bkcchi
51010_SSW_585,balori
51010_SSW_590,nocall
51010_SSW_595,bkcchi
51010_SSW_600,bkcchi
54955_SSW_5,nocall
54955_SSW_10,nocall
54955_SSW_15,nocall
54955_SSW_20,nocall
54955_SSW_25,nocall
54955_SSW_30,nocall
54955_SSW_35,nocall
54955_SSW_40,nocall
54955_SSW_45,nocall
54955_SSW_50,nocall
54955_SSW_55,nocall
54955_SSW_60,nocall
54955_SSW_65,nocall
54955_SSW_70,nocall
54955_SSW_75,nocall
54955_SSW_80,nocall
54955_SSW_85,nocall
54955_SSW_90,nocall
54955_SSW_95,nocall
54955_SSW_100,nocall
54955_SSW_105,nocall
54955_SSW_110,nocall
54955_SSW_115,nocall
54955_SSW_120,nocall
54955_SSW_125,nocall
54955_SSW_130,nocall
54955_SSW_135,nocall
54955_SSW_140,nocall
54955_SSW_145,nocall
54955_SSW_150,nocall
54955_SSW_155,nocall
54955_SSW_160,nocall
54955_SSW_165,nocall
54955_SSW_170,nocall
54955_SSW_175,nocall
54955_SSW_180,nocall
54955_SSW_185,nocall
54955_SSW_190,nocall
54955_SSW_195,nocall
54955_SSW_200,nocall
54955_SSW_205,nocall
54955_SSW_210,nocall
54955_SSW_215,nocall
54955_SSW_220,nocall
54955_SSW_225,nocall
54955_SSW_230,nocall
54955_SSW_235,nocall
54955_SSW_240,nocall
54955_SSW_245,nocall
54955_SSW_250,nocall
54955_SSW_255,nocall
54955_SSW_260,nocall
54955_SSW_265,nocall
54955_SSW_270,nocall
54955_SSW_275,nocall
54955_SSW_280,nocall
54955_SSW_285,nocall
54955_SSW_290,nocall
54955_SSW_295,nocall
54955_SSW_300,nocall
54955_SSW_305,nocall
54955_SSW_310,chswar
54955_SSW_315,nocall
54955_SSW_320,chswar
54955_SSW_325,nocall
54955_SSW_330,chswar
54955_SSW_335,chswar
54955_SSW_340,nocall
54955_SSW_345,nocall
54955_SSW_350,nocall
54955_SSW_355,nocall
54955_SSW_360,nocall
54955_SSW_365,nocall
54955_SSW_370,nocall
54955_SSW_375,nocall
54955_SSW_380,nocall
54955_SSW_385,nocall
54955_SSW_390,nocall
54955_SSW_395,grycat
54955_SSW_400,nocall
54955_SSW_405,nocall
54955_SSW_410,nocall
54955_SSW_415,nocall
54955_SSW_420,nocall
54955_SSW_425,nocall
54955_SSW_430,nocall
54955_SSW_435,nocall
54955_SSW_440,nocall
54955_SSW_445,nocall
54955_SSW_450,nocall
54955_SSW_455,nocall
54955_SSW_460,chswar
54955_SSW_465,nocall
54955_SSW_470,nocall
54955_SSW_475,nocall
54955_SSW_480,ovenbi1
54955_SSW_485,nocall
54955_SSW_490,nocall
54955_SSW_495,chswar ovenbi1
54955_SSW_500,chswar
54955_SSW_505,nocall
54955_SSW_510,chswar
54955_SSW_515,nocall
54955_SSW_520,chswar
54955_SSW_525,chswar
54955_SSW_530,nocall
54955_SSW_535,chswar
54955_SSW_540,nocall
54955_SSW_545,chswar
54955_SSW_550,nocall
54955_SSW_555,chswar
54955_SSW_560,grycat
54955_SSW_565,nocall
54955_SSW_570,grycat
54955_SSW_575,chswar
54955_SSW_580,nocall
54955_SSW_585,grycat
54955_SSW_590,grycat
54955_SSW_595,nocall
54955_SSW_600,nocall
